"Id","Label","Degree","Betweenness","Expression"
"ENSMUSP00000032998","Rps3",65,5136.21,0
"ENSMUSP00000080854","Rpl5",64,9972.15,0
"ENSMUSP00000071616","Rpl7",64,1782.6,0
"ENSMUSP00000099595","Rpl11",63,6621.15,0
"ENSMUSP00000003521","Rps11",62,1421.7,0
"ENSMUSP00000054490","Rps23",62,668.27,0
"ENSMUSP00000004554","Rps5",62,496.29,0
"ENSMUSP00000034966","Rpl4",61,3032.26,0
"ENSMUSP00000103940","Rps16",61,1438.41,0
"ENSMUSP00000025511","Rps14",61,424.28,0
"ENSMUSP00000109399","Rpl9",60,2660.88,0
"ENSMUSP00000099541","Rpl23a",60,610.43,0
"ENSMUSP00000029722","Rps3a1",58,3205.37,0
"ENSMUSP00000099757","Rps8",58,2102.73,0
"ENSMUSP00000080354","Rpl3",57,6047.25,0
"ENSMUSP00000104067","Rps19",57,389.33,0
"ENSMUSP00000046101","Eef2",56,23886.07,0
"ENSMUSP00000031617","Rpl6",56,2421.31,0
"ENSMUSP00000131489","Rpl14",56,2421.31,0
"ENSMUSP00000115722","Rpl13a",56,2363.86,0
"ENSMUSP00000092502","Rps2",56,267.43,0
"ENSMUSP00000125806","Rpl10-ps3",56,255.71,0
"ENSMUSP00000033683","Rps4x",56,135.11,0
"ENSMUSP00000006496","Rps9",55,3525.14,0
"ENSMUSP00000004072","Rpl8",55,2684.29,0
"ENSMUSP00000073175","Rpl26",55,1884.92,0
"ENSMUSP00000008812","Rps18",55,1334.42,0
"ENSMUSP00000020640","Rack1",54,24942.13,0
"ENSMUSP00000017548","Rpl19",54,690.44,0
"ENSMUSP00000035105","Rpsa",54,272.73,0
"ENSMUSP00000117461","Rpl12",54,236.31,0
"ENSMUSP00000058368","Rpl18a",53,1580.25,0
"ENSMUSP00000125977","Rps24",53,386.37,0
"ENSMUSP00000069004","Rps15",53,364.44,0
"ENSMUSP00000079628","Rps17",53,199.16,0
"ENSMUSP00000081474","Rplp2",52,449.58,0
"ENSMUSP00000008036","Rplp1",52,449.58,0
"ENSMUSP00000123410","Rpl27a",51,236.63,0
"ENSMUSP00000126294","Rps13",51,22.93,0
"ENSMUSP00000099962","Rpl7a",50,25.34,0
"ENSMUSP00000030087","Wdr31",50,23.93,0
"ENSMUSP00000073880","Rps7",50,19.99,0
"ENSMUSP00000034827","Imp3",49,29101.83,0
"ENSMUSP00000099843","Gm2000",49,1403.8,0
"ENSMUSP00000000756","Rpl13",49,333.88,0
"ENSMUSP00000132735","Hnrnpd",48,29241.24,0
"ENSMUSP00000058919","Rpl37a",47,13.39,0
"ENSMUSP00000080523","Rpl32",46,413.99,0
"ENSMUSP00000076447","Rps26-ps1",46,69.3,0
"ENSMUSP00000079180","Rps25",46,56.37,0
"ENSMUSP00000079380","Rac1",45,53895.42,0
"ENSMUSP00000053033","Mrps7",45,1378.96,0
"ENSMUSP00000058432","Rps21",44,41.07,0
"ENSMUSP00000030348","Magoh",41,14971.02,0
"ENSMUSP00000038352","Rps29",40,287.79,0
"ENSMUSP00000110013","Rps28",40,9.37,0
"ENSMUSP00000119065","Srsf6",39,4305.64,0
"ENSMUSP00000004990","Mapk14",38,46833.99,0
"ENSMUSP00000002551","Snrpd1",38,8568.53,0
"ENSMUSP00000107237","Hnrnpc",38,2607.57,0
"ENSMUSP00000031513","Srsf9",38,2579.02,0
"ENSMUSP00000028852","Mrps5",38,1269.11,0
"ENSMUSP00000002844","Mrpl2",37,5569.43,0
"ENSMUSP00000036725","Mrps2",36,1745.51,0
"ENSMUSP00000032597","Rpl28",35,230.86,0
"ENSMUSP00000128400","Snrpe",34,3750.01,0
"ENSMUSP00000026125","Alyref",33,10635.81,0
"ENSMUSP00000099488","Snrpb",33,2828.09,0
"ENSMUSP00000056855","Mrps9",33,35.13,0
"ENSMUSP00000099487","Nop56",32,3864.7,0
"ENSMUSP00000109523","Gspt2",32,2788.97,0
"ENSMUSP00000020608","Ppp2ca",31,38674.27,0
"ENSMUSP00000038135","Dhx9",31,1989.62,0
"ENSMUSP00000110886","Rpl39",31,166.04,0
"ENSMUSP00000007959","Rhoa",30,24576.77,0
"ENSMUSP00000042457","Eef1a1",30,1020.37,0
"ENSMUSP00000024739","Hsp90ab1",29,46034.4,0
"ENSMUSP00000051619","Mapk3",29,33254.8,0
"ENSMUSP00000084252","Polr1c",29,22607.79,0
"ENSMUSP00000022380","Psmc6",29,11334.96,0
"ENSMUSP00000045073","Sf3b3",29,3310.37,0
"ENSMUSP00000031167","Polr2b",28,16862.04,0
"ENSMUSP00000028278","Psmd14",28,13600.51,0
"ENSMUSP00000027626","Nifk",28,7767.46,0
"ENSMUSP00000023829","Cdkn1a",27,46155.58,0
"ENSMUSP00000117971","Mrpl17",26,334.77,0
"ENSMUSP00000097547","Fyn",24,40735.68,0
"ENSMUSP00000030642","Psmb2",24,8497.3,0
"ENSMUSP00000018449","Prpf8",24,4457.77,0
"ENSMUSP00000007130","Ctnnb1",23,26920.82,0
"ENSMUSP00000019911","Hdac2",23,22277.82,0
"ENSMUSP00000015800","Hspa8",23,21022.71,0
"ENSMUSP00000003527","Supt5",23,8070.15,0
"ENSMUSP00000059192","Mcm3",23,6616.43,0
"ENSMUSP00000033008","Psma1",23,4581.68,0
"ENSMUSP00000127034","Eif4a1",23,1191.67,0
"ENSMUSP00000021090","Grb2",22,33475.07,0
"ENSMUSP00000022701","Rb1",22,15375.6,0
"ENSMUSP00000034848","Psma4",22,3923.85,0
"ENSMUSP00000037613","Fbl",22,3193.18,0
"ENSMUSP00000002529","Prpf6",22,1750.31,0
"ENSMUSP00000044645","Smc1a",21,13649.61,0
"ENSMUSP00000007708","Ppp2r1a",21,13323.17,0
"ENSMUSP00000044548","Rbm8a",21,4827.73,0
"ENSMUSP00000061923","Mcm2",21,4127.54,0
"ENSMUSP00000014913","Psmb1",21,3322.11,0
"ENSMUSP00000107576","Mapk8",20,28782.35,0
"ENSMUSP00000098897","Mad2l1",20,18790.33,0
"ENSMUSP00000023217","Bop1",20,786.56,0
"ENSMUSP00000002198","Sf3a1",20,138.62,0
"ENSMUSP00000120152","Stat3",19,24362.87,0
"ENSMUSP00000030940","Gnb1",19,15131.33,0
"ENSMUSP00000039269","Hnrnpk",19,15121.17,0
"ENSMUSP00000047119","Gnl3",19,10329.04,0
"ENSMUSP00000129767","Psma2",19,7434.2,0
"ENSMUSP00000091469","Cdc6",19,6937,0
"ENSMUSP00000033776","Dkc1",19,5123.91,0
"ENSMUSP00000000505","Mcm7",19,3487.91,0
"ENSMUSP00000034369","Psmb10",19,2718.8,0
"ENSMUSP00000023353","Mcm4",19,1598.94,0
"ENSMUSP00000081572","Prpf4",19,1560.21,0
"ENSMUSP00000021405","Polr2h",19,1522.45,0
"ENSMUSP00000004786","Polr2e",19,1485.03,0
"ENSMUSP00000048377","Cirh1a",19,867.32,0
"ENSMUSP00000044305","Cdc40",19,800.33,0
"ENSMUSP00000043566","Polr2f",19,790.23,0
"ENSMUSP00000117045","Srsf3",19,496.66,0
"ENSMUSP00000075709","Sf3b4",19,58.74,0
"ENSMUSP00000022296","Ube2e1",18,16421.03,0
"ENSMUSP00000006911","Cdk4",18,13844.21,0
"ENSMUSP00000003310","Ranbp2",18,10633.95,0
"ENSMUSP00000010241","Nxf1",18,3405.23,0
"ENSMUSP00000075573","Pum3",18,1299.88,0
"ENSMUSP00000020203","Snrpf",18,626.27,0
"ENSMUSP00000038263","Noc4l",18,598.86,0
"ENSMUSP00000039853","Rrp12",18,267.47,0
"ENSMUSP00000078589","Ybx1",18,199.24,0
"ENSMUSP00000014684","U2af1",18,116.98,0
"ENSMUSP00000005606","Prkaca",17,10123.46,0
"ENSMUSP00000029270","Ccna2",17,7935.79,0
"ENSMUSP00000032891","Smg1",17,4625.63,0
"ENSMUSP00000084586","Hspa1a",17,4068.34,0
"ENSMUSP00000025106","Polr2d",17,3345.9,0
"ENSMUSP00000048204","Utp15",17,1644.63,0
"ENSMUSP00000051968","Polr2k",17,1025.99,0
"ENSMUSP00000067013","Rhob",17,606.89,0
"ENSMUSP00000002303","Rhoc",17,606.89,0
"ENSMUSP00000024885","Cebpz",17,373.17,0
"ENSMUSP00000018143","Ddx27",17,281.42,0
"ENSMUSP00000043662","Sf3b6",17,39.65,0
"ENSMUSP00000022971","Myc",16,28790.36,0
"ENSMUSP00000122831","Cenpa",16,7943.57,0
"ENSMUSP00000093980","Polr2g",16,3561.56,0
"ENSMUSP00000033609","Cstf2",16,2720.87,0
"ENSMUSP00000025955","Eif3a",16,538.02,0
"ENSMUSP00000054084","Heatr1",16,433.32,0
"ENSMUSP00000021574","Gtpbp4",16,412.38,0
"ENSMUSP00000060613","Wdr3",16,355.08,0
"ENSMUSP00000027601","Mcm6",16,229.33,0
"ENSMUSP00000037631","Mrps6",16,2.2,0
"ENSMUSP00000099407","Kat2a",15,15836.14,0
"ENSMUSP00000099805","Orc1",15,2388.86,0
"ENSMUSP00000000028","Cdc45",15,1349.74,0
"ENSMUSP00000026322","Polr3a",15,1033.76,0
"ENSMUSP00000043204","Polr2l",15,415.94,0
"ENSMUSP00000052465","Wdr36",15,176.78,0
"ENSMUSP00000023117","Phf5a",15,36.35,0
"ENSMUSP00000055619","Mrps16",15,1.83,0
"ENSMUSP00000033769","Irak1",14,13578.75,0
"ENSMUSP00000023467","Pak2",14,9562.31,0
"ENSMUSP00000037712","Lpar3",14,5911.51,0
"ENSMUSP00000098895","Taf1",14,5363.13,0
"ENSMUSP00000034392","Nip7",14,1094.82,0
"ENSMUSP00000029082","Psma7",14,481.53,0
"ENSMUSP00000066842","Mcm8",14,163.49,0
"ENSMUSP00000113431","Rsl1d1",14,64.43,0
"ENSMUSP00000048153","Rbmxl1",14,47.99,0
"ENSMUSP00000072008","Pdcd11",14,39.57,0
"ENSMUSP00000025393","Smad4",13,10919.65,0
"ENSMUSP00000022030","Ccnh",13,10527.93,0
"ENSMUSP00000005815","Kit",13,9152.37,0
"ENSMUSP00000009699","Cdk9",13,7762.22,0
"ENSMUSP00000013931","Ehmt2",13,7694.59,0
"ENSMUSP00000040741","Shfm1",13,5962.1,0
"ENSMUSP00000018470","Ywhab",13,5794.23,0
"ENSMUSP00000032399","Kras",13,5112.88,0
"ENSMUSP00000031640","Cdk8",13,3707.42,0
"ENSMUSP00000033720","Rbbp7",13,3205.61,0
"ENSMUSP00000074259","Gnai1",13,3102.02,0
"ENSMUSP00000057543","Gnai2",13,3102.02,0
"ENSMUSP00000000001","Gnai3",13,3102.02,0
"ENSMUSP00000021359","Pole2",13,1312.27,0
"ENSMUSP00000127774","Eif4b",13,904.08,0
"ENSMUSP00000058355","Polr1d",13,258.87,0
"ENSMUSP00000043315","Wdr74",13,223.57,0
"ENSMUSP00000024956","Rhoq",13,166.49,0
"ENSMUSP00000120911","Tbl3",13,74.73,0
"ENSMUSP00000023113","Polr3h",13,59.27,0
"ENSMUSP00000022909","Dcaf13",13,19,0
"ENSMUSP00000101616","Snrnp40",13,11.05,0
"ENSMUSP00000052648","Ar",12,9166.57,0
"ENSMUSP00000021674","Fos",12,8474.17,0
"ENSMUSP00000032168","Sec61a1",12,6536.87,0
"ENSMUSP00000047678","Eif4g1",12,4377.41,0
"ENSMUSP00000029013","Rae1",12,4195.73,0
"ENSMUSP00000068148","Cpsf3",12,2441.98,0
"ENSMUSP00000020904","Rock2",12,2172.48,0
"ENSMUSP00000028599","Cstf3",12,1697.89,0
"ENSMUSP00000088365","Ssb",12,1411.66,0
"ENSMUSP00000035930","Nol10",12,1161.68,0
"ENSMUSP00000091487","Supt4a",12,441.56,0
"ENSMUSP00000021048","Ftsj3",12,115.11,0
"ENSMUSP00000025963","Noc3l",12,83.51,0
"ENSMUSP00000022808","Pabpn1",12,77.84,0
"ENSMUSP00000099436","Psmb3",12,68.32,0
"ENSMUSP00000004379","Emg1",12,57.02,0
"ENSMUSP00000101858","Fus",12,29.49,0
"ENSMUSP00000005406","App",11,21808.61,0
"ENSMUSP00000017920","Crk",11,19939.07,0
"ENSMUSP00000087457","Itgb1",11,17489.55,0
"ENSMUSP00000031540","Oasl1",11,14797.4,0
"ENSMUSP00000119715","Rps6kb1",11,9245.1,0
"ENSMUSP00000085549","Tbl1x",11,7018.71,0
"ENSMUSP00000109585","Wdr5",11,5055.97,0
"ENSMUSP00000069114","Ackr3",11,4737.42,0
"ENSMUSP00000120014","Nhp2",11,1654.24,0
"ENSMUSP00000022927","Rad21",11,1258.09,0
"ENSMUSP00000025930","Smc3",11,867.7,0
"ENSMUSP00000117616","Tpr",11,498.8,0
"ENSMUSP00000033173","Polr3e",11,238.35,0
"ENSMUSP00000134735","Psme1",11,140.74,0
"ENSMUSP00000090059","Srsf2",11,102.75,0
"ENSMUSP00000000793","Polr3d",11,45.06,0
"ENSMUSP00000013807","Pten",10,9982.93,0
"ENSMUSP00000099475","Cltc",10,5978.84,0
"ENSMUSP00000007799","Cav1",10,5906.47,0
"ENSMUSP00000079905","Arf1",10,5748.86,0
"ENSMUSP00000023036","Rbx1",10,5344.65,0
"ENSMUSP00000091882","Cdc25a",10,4336.7,0
"ENSMUSP00000018274","Csnk1d",10,4177.47,0
"ENSMUSP00000044361","Smarca5",10,3430.91,0
"ENSMUSP00000094778","Tuba1a",10,2457.8,0
"ENSMUSP00000067681","Sec61b",10,1593.18,0
"ENSMUSP00000069549","Rock1",10,1561.62,0
"ENSMUSP00000005164","Prkacb",10,1261.5,0
"ENSMUSP00000042364","Myl12b",10,1083.6,0
"ENSMUSP00000085913","Myl9",10,1083.6,0
"ENSMUSP00000034204","Nudt21",10,924.84,0
"ENSMUSP00000031221","Cdc7",10,621.22,0
"ENSMUSP00000071794","Cpsf1",10,488.44,0
"ENSMUSP00000068530","Nup98",10,399.63,0
"ENSMUSP00000025170","Wdr46",10,0.42,0
"ENSMUSP00000030164","Vcp",9,8476.61,0
"ENSMUSP00000033075","Stx4a",9,6666.84,0
"ENSMUSP00000013949","Birc3",9,5173.55,0
"ENSMUSP00000026122","P4hb",9,5048.76,0
"ENSMUSP00000038121","Socs1",9,4526.88,0
"ENSMUSP00000055308","Foxo1",9,4500.75,0
"ENSMUSP00000016569","Pds5b",9,4207.04,0
"ENSMUSP00000113388","Atm",9,4078.96,0
"ENSMUSP00000035092","Myd88",9,3207.73,0
"ENSMUSP00000036288","Cct2",9,2919.84,0
"ENSMUSP00000001566","Tubb5",9,2282.67,0
"ENSMUSP00000009003","Rala",9,1150.29,0
"ENSMUSP00000025729","Tnks2",9,758.46,0
"ENSMUSP00000006760","Cdt1",9,564.23,0
"ENSMUSP00000031726","Gnb2",9,546.87,0
"ENSMUSP00000034411","Med17",9,370.73,0
"ENSMUSP00000019067","Med11",9,370.73,0
"ENSMUSP00000012627","Rpa3",9,164.65,0
"ENSMUSP00000069243","Cpsf4",9,81.59,0
"ENSMUSP00000038958","Cpsf7",9,55.99,0
"ENSMUSP00000059498","Rhoj",9,6.87,0
"ENSMUSP00000100771","Sf3b5",9,0.08,0
"ENSMUSP00000028098","Orc4",9,0,0
"ENSMUSP00000028225","Psmd5",9,0,0
"ENSMUSP00000027050","Cops5",8,13484.2,0
"ENSMUSP00000133564","Dnm2",8,9080.2,0
"ENSMUSP00000005077","Hspb1",8,7825.03,0
"ENSMUSP00000045841","Eprs",8,7086,0
"ENSMUSP00000028981","Mapre1",8,6449.42,0
"ENSMUSP00000068559","Xrcc6",8,6189.28,0
"ENSMUSP00000024954","Epas1",8,5248.44,0
"ENSMUSP00000024736","Sgol1",8,5048.26,0
"ENSMUSP00000010520","Nedd8",8,4718.46,0
"ENSMUSP00000103245","Klf4",8,4162.28,0
"ENSMUSP00000078682","Ctbp1",8,4155.75,0
"ENSMUSP00000034405","Mre11a",8,3866.39,0
"ENSMUSP00000083652","Rfc5",8,2959.25,0
"ENSMUSP00000089728","Usp14",8,2877.35,0
"ENSMUSP00000031695","Wasl",8,2763.33,0
"ENSMUSP00000004202","Dnmt1",8,2500.16,0
"ENSMUSP00000029053","Ptpn1",8,2123.7,0
"ENSMUSP00000066679","Chek2",8,1934.55,0
"ENSMUSP00000069257","Ppp1r12a",8,1724.94,0
"ENSMUSP00000088174","Rap1a",8,1173.52,0
"ENSMUSP00000097812","Ralgds",8,1058.03,0
"ENSMUSP00000042283","Supt16",8,947.25,0
"ENSMUSP00000021001","Rab10",8,915.18,0
"ENSMUSP00000044178","Lsm3",8,840.42,0
"ENSMUSP00000043190","Gna11",8,814.9,0
"ENSMUSP00000126565","Lsm5",8,581.23,0
"ENSMUSP00000001147","Col6a1",8,569.25,0
"ENSMUSP00000063250","Stag2",8,331.83,0
"ENSMUSP00000116205","Stag1",8,331.83,0
"ENSMUSP00000022705","Med4",8,107.82,0
"ENSMUSP00000003049","Med25",8,107.82,0
"ENSMUSP00000109164","Fip1l1",8,102.86,0
"ENSMUSP00000021085","Nup85",8,78.04,0
"ENSMUSP00000050076","Adrm1",8,0,0
"ENSMUSP00000021413","Nfkbia",7,7560.77,0
"ENSMUSP00000039500","Mis12",7,6081,0
"ENSMUSP00000029476","Sec22b",7,5611.89,0
"ENSMUSP00000023352","Prkdc",7,5213.55,0
"ENSMUSP00000029142","Eif6",7,4572.05,0
"ENSMUSP00000073974","Axin1",7,4424.34,0
"ENSMUSP00000075721","Fbxw11",7,4081.44,0
"ENSMUSP00000015100","Ppp1cb",7,3594.78,0
"ENSMUSP00000073720","Bmp4",7,3168.51,0
"ENSMUSP00000029447","Sike1",7,2759.82,0
"ENSMUSP00000069616","Egr1",7,2646.38,0
"ENSMUSP00000005066","Map2k1",7,2377.76,0
"ENSMUSP00000039027","Tsr1",7,2118.71,0
"ENSMUSP00000059129","Socs3",7,2006.24,0
"ENSMUSP00000028795","Rad51",7,1918.03,0
"ENSMUSP00000026027","Taf5",7,1857.04,0
"ENSMUSP00000040488","Ccnd3",7,1842.82,0
"ENSMUSP00000020490","Wdr82",7,1398.47,0
"ENSMUSP00000022894","Ywhaz",7,1272.81,0
"ENSMUSP00000000137","Actr2",7,1239.33,0
"ENSMUSP00000038514","Irs2",7,1151.76,0
"ENSMUSP00000028341","Anapc2",7,1151.57,0
"ENSMUSP00000066238","Rap1b",7,1013.95,0
"ENSMUSP00000051223","Ywhag",7,978.03,0
"ENSMUSP00000125434","Exoc5",7,913.32,0
"ENSMUSP00000128803","Myl6",7,911.2,0
"ENSMUSP00000025541","Gnaq",7,804.81,0
"ENSMUSP00000118318","Mllt4",7,595.58,0
"ENSMUSP00000063714","Arhgdia",7,510.05,0
"ENSMUSP00000099584","Arpc3",7,464.09,0
"ENSMUSP00000049722","Lsm6",7,419,0
"ENSMUSP00000009234","Ap1b1",7,408.99,0
"ENSMUSP00000020877","Twistnb",7,247,0
"ENSMUSP00000022613","Esco2",7,132.12,0
"ENSMUSP00000090316","Med23",7,50.31,0
"ENSMUSP00000078746","Stk24",7,32.39,0
"ENSMUSP00000120830","Strn",7,32.39,0
"ENSMUSP00000013130","Strn3",7,32.39,0
"ENSMUSP00000125415","Mob4",7,32.39,0
"ENSMUSP00000099705","Med19",7,0.17,0
"ENSMUSP00000080085","Rrp1b",7,0,0
"ENSMUSP00000099888","Ifit1",6,13436.75,0
"ENSMUSP00000103884","Prkci",6,6298.71,0
"ENSMUSP00000036206","Chmp4b",6,6077,0
"ENSMUSP00000020316","Tbk1",6,4316.46,0
"ENSMUSP00000099835","Sqstm1",6,4084.35,0
"ENSMUSP00000099534","B2m",6,3857.1,0
"ENSMUSP00000022709","Spry2",6,3784.93,0
"ENSMUSP00000033898","Col4a1",6,3723.53,0
"ENSMUSP00000030814","Cdk5",6,3056.89,0
"ENSMUSP00000039776","Pold1",6,2075.85,0
"ENSMUSP00000001818","Crnkl1",6,2041.54,0
"ENSMUSP00000025278","Mrpl27",6,2031,0
"ENSMUSP00000033880","Eif4ebp1",6,1838.99,0
"ENSMUSP00000021530","Hif1a",6,1836.84,0
"ENSMUSP00000008517","Prpf31",6,1814.01,0
"ENSMUSP00000125403","Cul2",6,1627.89,0
"ENSMUSP00000046129","Akap9",6,1447.25,0
"ENSMUSP00000042150","Rras",6,1123.41,0
"ENSMUSP00000110198","Cetn2",6,933.5,0
"ENSMUSP00000019997","Tnfaip3",6,906.42,0
"ENSMUSP00000007216","Ap2m1",6,814.75,0
"ENSMUSP00000072617","Hsf1",6,648.76,0
"ENSMUSP00000029679","Cks1b",6,372.18,0
"ENSMUSP00000025025","Dusp1",6,345.48,0
"ENSMUSP00000028767","Rtf1",6,334.53,0
"ENSMUSP00000030901","Cpsf3l",6,318.86,0
"ENSMUSP00000036523","Esf1",6,306.43,0
"ENSMUSP00000060054","Chd4",6,285.02,0
"ENSMUSP00000107421","Wdhd1",6,274.39,0
"ENSMUSP00000041644","Brk1",6,261.18,0
"ENSMUSP00000032344","Arhgdib",6,259.72,0
"ENSMUSP00000106963","Arhgap1",6,259.72,0
"ENSMUSP00000029694","Arhgef2",6,259.72,0
"ENSMUSP00000025019","Arhgdig",6,259.72,0
"ENSMUSP00000072521","Gm10146",6,187.77,0
"ENSMUSP00000028668","Eif3j1",6,59.7,0
"ENSMUSP00000022203","Dimt1",6,12.65,0
"ENSMUSP00000002532","Rgs19",6,10.11,0
"ENSMUSP00000030905","Ssu72",6,9.9,0
"ENSMUSP00000073701","Mbd2",6,5.51,0
"ENSMUSP00000027797","Nvl",6,0.13,0
"ENSMUSP00000025142","Esco1",6,0.12,0
"ENSMUSP00000017354","Med24",6,0,0
"ENSMUSP00000046540","Nup54",6,0,0
"ENSMUSP00000024988","C3",5,9087,0
"ENSMUSP00000044048","Mcl1",5,7341.46,0
"ENSMUSP00000033093","Bax",5,6810.73,0
"ENSMUSP00000099364","Nsf",5,5941.11,0
"ENSMUSP00000111479","Pik3c3",5,5456.52,0
"ENSMUSP00000099819","Vdac1",5,5069,0
"ENSMUSP00000029316","Exosc8",5,4053,0
"ENSMUSP00000072481","Tle1",5,3473.25,0
"ENSMUSP00000075067","Npm1",5,3303,0
"ENSMUSP00000018337","Cdc73",5,3228.65,0
"ENSMUSP00000039600","Ccl5",5,3044.17,0
"ENSMUSP00000063734","Ezr",5,2925.49,0
"ENSMUSP00000027015","Casp1",5,2857.21,0
"ENSMUSP00000052262","Vamp7",5,2443.08,0
"ENSMUSP00000100979","Tcf3",5,2324.74,0
"ENSMUSP00000025241","Ercc3",5,2299.03,0
"ENSMUSP00000021077","Slc9a3r1",5,2288.25,0
"ENSMUSP00000025263","Tnf",5,2009.96,0
"ENSMUSP00000114074","Sgk1",5,1633.9,0
"ENSMUSP00000003912","Calr",5,1608.22,0
"ENSMUSP00000026436","Baiap2",5,1359.58,0
"ENSMUSP00000023689","Ifnar1",5,1261.17,0
"ENSMUSP00000001547","Col1a1",5,1202.32,0
"ENSMUSP00000031668","Col1a2",5,1202.32,0
"ENSMUSP00000051809","Rictor",5,1180.77,0
"ENSMUSP00000088047","Cry2",5,1173.66,0
"ENSMUSP00000121111","Map2k2",5,1147.03,0
"ENSMUSP00000124428","Spcs1",5,1023.29,0
"ENSMUSP00000048836","C1qa",5,1018.33,0
"ENSMUSP00000125531","C1s1",5,1007.83,0
"ENSMUSP00000003152","Stk11",5,923.5,0
"ENSMUSP00000029842","Bcl10",5,850.75,0
"ENSMUSP00000099652","Tjp1",5,843.24,0
"ENSMUSP00000002839","Ppp2r5d",5,837.64,0
"ENSMUSP00000035900","Bmpr1a",5,721.52,0
"ENSMUSP00000032143","Rpn1",5,654.58,0
"ENSMUSP00000030538","Ddost",5,641.62,0
"ENSMUSP00000002818","Ykt6",5,553.89,0
"ENSMUSP00000027587","Ccnt2",5,404.1,0
"ENSMUSP00000066210","Tceb2",5,387.95,0
"ENSMUSP00000019975","Wasf1",5,289.38,0
"ENSMUSP00000014499","Anapc1",5,279.18,0
"ENSMUSP00000031072","Anapc4",5,279.18,0
"ENSMUSP00000076933","Arpc5",5,278.42,0
"ENSMUSP00000114839","Arpc4",5,278.42,0
"ENSMUSP00000034029","Ednra",5,233.76,0
"ENSMUSP00000127952","Tfdp1",5,159.92,0
"ENSMUSP00000038833","Ripk2",5,147.9,0
"ENSMUSP00000001836","Pwp1",5,121.26,0
"ENSMUSP00000070466","Tagap1",5,92.76,0
"ENSMUSP00000015435","Gdi1",5,92.76,0
"ENSMUSP00000056461","Arhgap15",5,92.76,0
"ENSMUSP00000075658","Arhgap10",5,92.76,0
"ENSMUSP00000064680","Junb",5,72.18,0
"ENSMUSP00000018737","Sparc",5,49.5,0
"ENSMUSP00000039416","Exoc3",5,12.71,0
"ENSMUSP00000047586","Gngt2",5,5.47,0
"ENSMUSP00000031670","Gng11",5,5.47,0
"ENSMUSP00000022925","Eif3h",5,4.56,0
"ENSMUSP00000111222","Yeats2",5,0.25,0
"ENSMUSP00000018795","Tada2a",5,0.25,0
"ENSMUSP00000041022","Lsm1",5,0.25,0
"ENSMUSP00000062843","Mcmbp",5,0,0
"ENSMUSP00000057238","Lsm8",5,0,0
"ENSMUSP00000011450","Sugp1",5,0,0
"ENSMUSP00000048337","Wdr43",5,0,0
"ENSMUSP00000026900","Hgs",4,13358.43,0
"ENSMUSP00000017975","Rab5a",4,4044.02,0
"ENSMUSP00000127330","Rab1a",4,3044,0
"ENSMUSP00000032182","Xpc",4,2785.75,0
"ENSMUSP00000025965","Hells",4,2581.52,0
"ENSMUSP00000089708","Stat6",4,2471.44,0
"ENSMUSP00000029623","Tlr2",4,2175.98,0
"ENSMUSP00000102724","Plaa",4,2135.55,0
"ENSMUSP00000099501","Ube4b",4,2078.99,0
"ENSMUSP00000059501","Vamp8",4,2032.34,0
"ENSMUSP00000026390","Rabgef1",4,2031,0
"ENSMUSP00000030051","Txn1",4,2031,0
"ENSMUSP00000004560","Bid",4,2031,0
"ENSMUSP00000043806","Melk",4,2031,0
"ENSMUSP00000095171","Cd74",4,2031,0
"ENSMUSP00000023171","Hes1",4,1663.95,0
"ENSMUSP00000119303","Numb",4,1619.2,0
"ENSMUSP00000079689","Dab2",4,1467.14,0
"ENSMUSP00000055862","Arf6",4,1271.13,0
"ENSMUSP00000085192","Col3a1",4,1202.32,0
"ENSMUSP00000035065","Ptgs2",4,1199.31,0
"ENSMUSP00000084055","Tcf7",4,1165.19,0
"ENSMUSP00000025078","Map3k8",4,1127.97,0
"ENSMUSP00000032491","Tnfrsf1a",4,1070.8,0
"ENSMUSP00000019076","Map2k3",4,1067.34,0
"ENSMUSP00000025230","C2",4,1041,0
"ENSMUSP00000027241","Il1r1",4,1019.87,0
"ENSMUSP00000026990","Thoc3",4,1016.5,0
"ENSMUSP00000114843","Syvn1",4,1016,0
"ENSMUSP00000017692","Suz12",4,1016,0
"ENSMUSP00000048218","Acta2",4,1016,0
"ENSMUSP00000021347","Sel1l",4,1016,0
"ENSMUSP00000030128","Chmp5",4,1014.5,0
"ENSMUSP00000113588","2610002M06Rik",4,1014.5,0
"ENSMUSP00000063707","C1ra",4,1004.5,0
"ENSMUSP00000078741","Notch2",4,748.86,0
"ENSMUSP00000086094","Smarcc1",4,675.85,0
"ENSMUSP00000041282","Map2k4",4,644.61,0
"ENSMUSP00000021271","Per1",4,638.25,0
"ENSMUSP00000074656","Clock",4,532.82,0
"ENSMUSP00000000188","Ccnd2",4,516.46,0
"ENSMUSP00000117022","Nme1",4,507.5,0
"ENSMUSP00000025007","Nme4",4,507.5,0
"ENSMUSP00000030787","Rheb",4,361.24,0
"ENSMUSP00000036285","Smad6",4,274.84,0
"ENSMUSP00000031017","Fosl2",4,260.09,0
"ENSMUSP00000020323","Avpr1a",4,231.78,0
"ENSMUSP00000026667","Eif4a3",4,213.97,0
"ENSMUSP00000004494","Sin3b",4,211.01,0
"ENSMUSP00000113717","Pcf11",4,177.56,0
"ENSMUSP00000009679","Rnmt",4,151.09,0
"ENSMUSP00000053440","Grpel2",4,149.04,0
"ENSMUSP00000032936","Ppp4c",4,94.29,0
"ENSMUSP00000108814","Nxf2",4,91.63,0
"ENSMUSP00000023065","Dmc1",4,74.6,0
"ENSMUSP00000001155","Araf",4,52.39,0
"ENSMUSP00000106709","Ap1s1",4,50.63,0
"ENSMUSP00000021425","Ahsa1",4,20.78,0
"ENSMUSP00000069752","Rras2",4,14.05,0
"ENSMUSP00000049528","Rbbp6",4,8.9,0
"ENSMUSP00000036747","C1qc",4,2.33,0
"ENSMUSP00000099681","Stxbp3",4,1.86,0
"ENSMUSP00000004203","Ppan",4,1.09,0
"ENSMUSP00000017408","Exosc10",4,1,0
"ENSMUSP00000018992","Rars",4,1,0
"ENSMUSP00000038610","Taf4",4,0.33,0
"ENSMUSP00000027991","Rgs4",4,0.23,0
"ENSMUSP00000101706","Zzz3",4,0,0
"ENSMUSP00000015892","Prpf3",4,0,0
"ENSMUSP00000137416","Gm8186",4,0,0
"ENSMUSP00000010278","Wdr77",4,0,0
"ENSMUSP00000083393","Anapc5",4,0,0
"ENSMUSP00000060398","Patl1",4,0,0
"ENSMUSP00000021416","Mbip",4,0,0
"ENSMUSP00000070229","Gatad2a",4,0,0
"ENSMUSP00000029643","Gar1",4,0,0
"ENSMUSP00000035033","Copb2",4,0,0
"ENSMUSP00000033012","Copb1",4,0,0
"ENSMUSP00000118179","Copa",4,0,0
"ENSMUSP00000034607","Arcn1",4,0,0
"ENSMUSP00000014546","Tsg101",3,12062,0
"ENSMUSP00000107492","Pdcd6ip",3,6563,0
"ENSMUSP00000041839","Txndc5",3,5757.08,0
"ENSMUSP00000057815","Zfp36",3,5406.07,0
"ENSMUSP00000022378","Ero1l",3,4887.26,0
"ENSMUSP00000025904","Prdx5",3,4052,0
"ENSMUSP00000023994","Serping1",3,4014,0
"ENSMUSP00000032198","Usp18",3,3944.41,0
"ENSMUSP00000042271","Spag9",3,3122.21,0
"ENSMUSP00000017629","Top2b",3,3044,0
"ENSMUSP00000069850","Cebpb",3,2275.55,0
"ENSMUSP00000029699","Lmna",3,2105.06,0
"ENSMUSP00000034756","Anxa2",3,2031,0
"ENSMUSP00000032800","Tyrobp",3,2031,0
"ENSMUSP00000029626","Casp6",3,1884.83,0
"ENSMUSP00000083587","Icam1",3,1825.94,0
"ENSMUSP00000032492","Cd9",3,1802.69,0
"ENSMUSP00000022616","Clu",3,1719.3,0
"ENSMUSP00000115044","Sumo2",3,1523,0
"ENSMUSP00000022531","Lats2",3,1520.62,0
"ENSMUSP00000046105","H2-Aa",3,1519.5,0
"ENSMUSP00000041008","H2-Ab1",3,1519.5,0
"ENSMUSP00000045409","Ogt",3,1299.65,0
"ENSMUSP00000076521","Pdia4",3,1285.15,0
"ENSMUSP00000054499","Fn1",3,1205.64,0
"ENSMUSP00000044034","Gadd45a",3,1197.25,0
"ENSMUSP00000041907","F11r",3,1188.28,0
"ENSMUSP00000030315","Pum1",3,1163.54,0
"ENSMUSP00000022629","Dpysl2",3,1091.26,0
"ENSMUSP00000122403","Nfyb",3,1089.18,0
"ENSMUSP00000086459","Map3k4",3,1016.5,0
"ENSMUSP00000032627","Tubgcp5",3,1016,0
"ENSMUSP00000095656","Tufm",3,1016,0
"ENSMUSP00000033671","Rps6ka3",3,1016,0
"ENSMUSP00000106163","Arid4b",3,1016,0
"ENSMUSP00000049007","Ctnna1",3,989.54,0
"ENSMUSP00000097254","Nrbf2",3,982.42,0
"ENSMUSP00000034349","Nae1",3,894.19,0
"ENSMUSP00000111977","Kdm1a",3,871.49,0
"ENSMUSP00000099739","H2-T23",3,812.1,0
"ENSMUSP00000027123","Hspd1",3,805.37,0
"ENSMUSP00000101924","Ppih",3,736.56,0
"ENSMUSP00000045344","Clspn",3,682.69,0
"ENSMUSP00000003433","Mknk2",3,678.93,0
"ENSMUSP00000029416","Ccnl1",3,577.91,0
"ENSMUSP00000099422","Smarce1",3,390.26,0
"ENSMUSP00000075619","Rabep1",3,365.93,0
"ENSMUSP00000023693","Ifnar2",3,357.38,0
"ENSMUSP00000033326","Wee1",3,350.13,0
"ENSMUSP00000039109","Ppp1ca",3,341.11,0
"ENSMUSP00000079548","Tax1bp1",3,341.08,0
"ENSMUSP00000118491","Abi1",3,334.81,0
"ENSMUSP00000058754","Abi2",3,334.81,0
"ENSMUSP00000032386","Bhlhe41",3,334.48,0
"ENSMUSP00000033236","Thumpd1",3,329.58,0
"ENSMUSP00000067953","Adam17",3,265.93,0
"ENSMUSP00000126233","Ppfia1",3,241.37,0
"ENSMUSP00000100002","Ehmt1",3,208.98,0
"ENSMUSP00000039668","Tab3",3,200.01,0
"ENSMUSP00000121266","Tab2",3,200.01,0
"ENSMUSP00000020118","Dusp6",3,143.8,0
"ENSMUSP00000059276","Cul4b",3,117.64,0
"ENSMUSP00000005503","Msh6",3,116.68,0
"ENSMUSP00000034740","Nedd4",3,105.81,0
"ENSMUSP00000105234","Atf4",3,96.37,0
"ENSMUSP00000028881","Il1b",3,90.37,0
"ENSMUSP00000132499","Prkag1",3,74.08,0
"ENSMUSP00000074988","Cenph",3,72.23,0
"ENSMUSP00000024967","Msh2",3,67.91,0
"ENSMUSP00000067305","Acvr2a",3,57.93,0
"ENSMUSP00000003640","Fosb",3,56.89,0
"ENSMUSP00000029414","Ssr3",3,51.3,0
"ENSMUSP00000027012","Casp4",3,44.47,0
"ENSMUSP00000071289","Nf1",3,42,0
"ENSMUSP00000034984","Rasa2",3,42,0
"ENSMUSP00000135193","Taf6l",3,33.34,0
"ENSMUSP00000090726","Taf5l",3,33.34,0
"ENSMUSP00000099428","Thra",3,8.33,0
"ENSMUSP00000039566","Pkn2",3,8.28,0
"ENSMUSP00000039139","Arhgap44",3,8.28,0
"ENSMUSP00000103788","Rngtt",3,7.07,0
"ENSMUSP00000000153","Gna12",3,5.88,0
"ENSMUSP00000026817","Nmb",3,4.75,0
"ENSMUSP00000057339","Hexim1",3,4.32,0
"ENSMUSP00000052776","Eps8",3,2.33,0
"ENSMUSP00000047898","Ddx19a",3,2.2,0
"ENSMUSP00000048450","Rbm34",3,2.16,0
"ENSMUSP00000031355","Uso1",3,2,0
"ENSMUSP00000028238","Rab14",3,1.86,0
"ENSMUSP00000001339","Rrp15",3,1.54,0
"ENSMUSP00000032910","Mylpf",3,0.18,0
"ENSMUSP00000115558","Rgs2",3,0.14,0
"ENSMUSP00000034964","Tipin",3,0,0
"ENSMUSP00000089544","Polr3gl",3,0,0
"ENSMUSP00000035289","Polr3g",3,0,0
"ENSMUSP00000033899","Col4a2",3,0,0
"ENSMUSP00000065949","Cenpj",3,0,0
"ENSMUSP00000025506","Rbm22",3,0,0
"ENSMUSP00000054112","Tgs1",3,0,0
"ENSMUSP00000063976","Snrpc",3,0,0
"ENSMUSP00000107913","Ap1s2",3,0,0
"ENSMUSP00000027768","Ahctf1",3,0,0
"ENSMUSP00000025483","Nars",3,0,0
"ENSMUSP00000065645","Taf7",3,0,0
"ENSMUSP00000067579","Rcl1",3,0,0
"ENSMUSP00000085578","Actr3b",3,0,0
"ENSMUSP00000070527","Cdk11b",3,0,0
"ENSMUSP00000030381","Ctps",3,0,0
"ENSMUSP00000099953","AI314180",3,0,0
"ENSMUSP00000026888","Taf3",3,0,0
"ENSMUSP00000033136","Bag3",3,0,0
"ENSMUSP00000074756","Exosc1",3,0,0
"ENSMUSP00000026891","Exosc7",3,0,0
"ENSMUSP00000128914","Os9",3,0,0
"ENSMUSP00000099702","Ube2l6",3,0,0
"ENSMUSP00000110673","Cald1",3,0,0
"ENSMUSP00000128331","Nolc1",3,0,0
"ENSMUSP00000099890","Ifit2",3,0,0
"ENSMUSP00000099889","Ifit3",3,0,0
"ENSMUSP00000097150","Mis18a",3,0,0
"ENSMUSP00000003027","Map2k7",3,0,0
"ENSMUSP00000003572","Gars",3,0,0
"ENSMUSP00000033282","Bccip",2,10447.53,0
"ENSMUSP00000034803","Zw10",2,7070,0
"ENSMUSP00000025961","Prdx3",2,5060,0
"ENSMUSP00000025561","Anxa1",2,4052,0
"ENSMUSP00000006217","Snf8",2,3521,0
"ENSMUSP00000029515","S100a11",2,3042,0
"ENSMUSP00000034270","Map1lc3b",2,2030,0
"ENSMUSP00000049186","Gfer",2,2030,0
"ENSMUSP00000003642","Klc4",2,2030,0
"ENSMUSP00000005532","Nid1",2,2030,0
"ENSMUSP00000022060","Pdcd6",2,2030,0
"ENSMUSP00000061493","Eea1",2,1997.49,0
"ENSMUSP00000075269","Mysm1",2,1601.07,0
"ENSMUSP00000031131","Uchl1",2,1024.98,0
"ENSMUSP00000056669","Cd14",2,1016,0
"ENSMUSP00000036177","Rad9b",2,1016,0
"ENSMUSP00000014370","Cacybp",2,1016,0
"ENSMUSP00000092157","Sec31a",2,1016,0
"ENSMUSP00000033544","Brcc3",2,1016,0
"ENSMUSP00000027251","Rev1",2,1016,0
"ENSMUSP00000069087","Lamb2",2,1016,0
"ENSMUSP00000025083","Kif5b",2,1016,0
"ENSMUSP00000136493","Tomm20",2,1016,0
"ENSMUSP00000015749","Srf",2,1016,0
"ENSMUSP00000034415","Taf1d",2,1016,0
"ENSMUSP00000106017","Ncaph",2,1016,0
"ENSMUSP00000060749","Llgl1",2,1016,0
"ENSMUSP00000044769","Atg5",2,1016,0
"ENSMUSP00000018880","Ndel1",2,1016,0
"ENSMUSP00000041380","Chchd4",2,1016,0
"ENSMUSP00000129481","Rabggtb",2,1016,0
"ENSMUSP00000132435","Gbp2",2,1016,0
"ENSMUSP00000125960","Mcm3ap",2,1016,0
"ENSMUSP00000080480","Cacul1",2,760.8,0
"ENSMUSP00000035992","Gga1",2,599.59,0
"ENSMUSP00000002825","Baz1b",2,539.68,0
"ENSMUSP00000034428","Gabarapl2",2,510.83,0
"ENSMUSP00000020501","Sumo3",2,507,0
"ENSMUSP00000020974","Id2",2,406.44,0
"ENSMUSP00000099368","Cttn",2,390.91,0
"ENSMUSP00000086716","Usp9x",2,382.7,0
"ENSMUSP00000026062","Casp7",2,370.35,0
"ENSMUSP00000023779","Nr4a1",2,333.73,0
"ENSMUSP00000028166","Nr4a2",2,333.73,0
"ENSMUSP00000052258","Amfr",2,279.21,0
"ENSMUSP00000074724","Hspe1",2,215.07,0
"ENSMUSP00000063839","Adam10",2,193.95,0
"ENSMUSP00000085030","Tnip2",2,171.01,0
"ENSMUSP00000091011","Grb10",2,154.16,0
"ENSMUSP00000039368","Ptprf",2,127.27,0
"ENSMUSP00000066860","Hspa12a",2,100.91,0
"ENSMUSP00000027961","Hspa14",2,100.91,0
"ENSMUSP00000025562","Incenp",2,86.29,0
"ENSMUSP00000039047","Atg14",2,81.08,0
"ENSMUSP00000025081","Zeb1",2,77.68,0
"ENSMUSP00000057527","Tle4",2,64.12,0
"ENSMUSP00000113040","Wwtr1",2,39.69,0
"ENSMUSP00000071720","Camk2g",2,37.71,0
"ENSMUSP00000031097","Tada2b",2,33.34,0
"ENSMUSP00000129654","Smek1",2,28.37,0
"ENSMUSP00000035164","Topbp1",2,27.72,0
"ENSMUSP00000021148","Ube2g1",2,26.01,0
"ENSMUSP00000027941","Atf3",2,10.46,0
"ENSMUSP00000057062","Ppp1r15b",2,9.66,0
"ENSMUSP00000034469","Egln1",2,2.48,0
"ENSMUSP00000047220","Senp6",2,1,0
"ENSMUSP00000017694","Atad5",2,1,0
"ENSMUSP00000048221","Nxt2",2,0.9,0
"ENSMUSP00000068408","Cpsf6",2,0.36,0
"ENSMUSP00000099482","Itpa",2,0.25,0
"ENSMUSP00000030698","Stx12",2,0.25,0
"ENSMUSP00000112259","Cfl1",2,0.18,0
"ENSMUSP00000017288","Rnd3",2,0.18,0
"ENSMUSP00000072800","Cxcl12",2,0.17,0
"ENSMUSP00000025842","Gal",2,0.17,0
"ENSMUSP00000031843","Npy",2,0.17,0
"ENSMUSP00000101801","Npb",2,0.17,0
"ENSMUSP00000047646","Cxcl10",2,0.17,0
"ENSMUSP00000019064","Cxcl16",2,0.17,0
"ENSMUSP00000117496","Mef2a",2,0,0
"ENSMUSP00000119829","Vta1",2,0,0
"ENSMUSP00000034164","Ist1",2,0,0
"ENSMUSP00000023759","Smarcd1",2,0,0
"ENSMUSP00000019074","Ccl4",2,0,0
"ENSMUSP00000109084","Col4a3",2,0,0
"ENSMUSP00000084282","Col4a4",2,0,0
"ENSMUSP00000041241","Smg7",2,0,0
"ENSMUSP00000033540","Vbp1",2,0,0
"ENSMUSP00000047397","Sart1",2,0,0
"ENSMUSP00000030665","Nudc",2,0,0
"ENSMUSP00000027966","Fcgr2b",2,0,0
"ENSMUSP00000030993","Nelfa",2,0,0
"ENSMUSP00000057731","Nelfb",2,0,0
"ENSMUSP00000034150","Gab1",2,0,0
"ENSMUSP00000047900","Dusp5",2,0,0
"ENSMUSP00000023752","Aqp2",2,0,0
"ENSMUSP00000072175","Dnajc5",2,0,0
"ENSMUSP00000086701","Uba3",2,0,0
"ENSMUSP00000032477","Necap1",2,0,0
"ENSMUSP00000015049","Dnajb9",2,0,0
"ENSMUSP00000084387","Eif1ax",2,0,0
"ENSMUSP00000113070","Brd4",2,0,0
"ENSMUSP00000019859","Gle1",2,0,0
"ENSMUSP00000038321","Bdp1",2,0,0
"ENSMUSP00000125373","Plod2",2,0,0
"ENSMUSP00000017604","Cyba",2,0,0
"ENSMUSP00000111301","Suv39h1",2,0,0
"ENSMUSP00000038418","Ints8",2,0,0
"ENSMUSP00000036277","Ints7",2,0,0
"ENSMUSP00000025476","Txnl1",2,0,0
"ENSMUSP00000130629","BC005561",2,0,0
"ENSMUSP00000044677","Thoc2",2,0,0
"ENSMUSP00000030284","Rnf11",2,0,0
"ENSMUSP00000035112","Nktr",2,0,0
"ENSMUSP00000045945","Ppig",2,0,0
"ENSMUSP00000025444","Cxxc1",2,0,0
"ENSMUSP00000076533","Ptpra",2,0,0
"ENSMUSP00000089680","Naca",2,0,0
"ENSMUSP00000113116","Stt3a",2,0,0
"ENSMUSP00000032151","Eif4e3",2,0,0
"ENSMUSP00000056720","Ifnb1",2,0,0
"ENSMUSP00000045552","Ints9",2,0,0
"ENSMUSP00000033056","Pycard",2,0,0
"ENSMUSP00000055318","Yod1",2,0,0
"ENSMUSP00000038188","Cenpt",2,0,0
"ENSMUSP00000045888","Abt1",2,0,0
"ENSMUSP00000042658","Hnrnpa1",2,0,0
"ENSMUSP00000000058","Cav2",2,0,0
"ENSMUSP00000000594","C1d",2,0,0
"ENSMUSP00000001008","Ccl3",2,0,0
"ENSMUSP00000001757","Eef1e1",2,0,0
"ENSMUSP00000005292","Prdx2",2,0,0
"ENSMUSP00000009740","Taf7l",2,0,0
"ENSMUSP00000015484","Cybb",2,0,0
"ENSMUSP00000020756","Pnpt1",2,0,0
"ENSMUSP00000020908","E2f6",2,0,0
"ENSMUSP00000022053","Trip13",2,0,0
"ENSMUSP00000022212","Plk2",2,0,0
"ENSMUSP00000024627","Chd1",2,0,0
"ENSMUSP00000034049","Slc25a4",1,0,0
"ENSMUSP00000030660","Trappc3",1,0,0
"ENSMUSP00000019109","Ywhah",1,0,0
"ENSMUSP00000028672","Mdk",1,0,0
"ENSMUSP00000108620","Tsc22d3",1,0,0
"ENSMUSP00000029566","Efna1",1,0,0
"ENSMUSP00000037557","Mzt1",1,0,0
"ENSMUSP00000025691","Fas",1,0,0
"ENSMUSP00000038591","Socs5",1,0,0
"ENSMUSP00000122219","Prlr",1,0,0
"ENSMUSP00000020188","Ifngr1",1,0,0
"ENSMUSP00000023359","Nde1",1,0,0
"ENSMUSP00000010804","Plcd1",1,0,0
"ENSMUSP00000099750","Sp3",1,0,0
"ENSMUSP00000028187","Lamc3",1,0,0
"ENSMUSP00000021040","Cct6b",1,0,0
"ENSMUSP00000076777","Tuba1b",1,0,0
"ENSMUSP00000030839","Ctnnbip1",1,0,0
"ENSMUSP00000036998","Lnpep",1,0,0
"ENSMUSP00000042374","Hspb2",1,0,0
"ENSMUSP00000021552","Zfp36l1",1,0,0
"ENSMUSP00000033310","Mki67",1,0,0
"ENSMUSP00000105536","Nf2",1,0,0
"ENSMUSP00000021921","Ptch1",1,0,0
"ENSMUSP00000019803","Ccdc12",1,0,0
"ENSMUSP00000086923","Isy1",1,0,0
"ENSMUSP00000033761","Hcfc1",1,0,0
"ENSMUSP00000055895","Fam175a",1,0,0
"ENSMUSP00000023370","Boc",1,0,0
"ENSMUSP00000031345","Rchy1",1,0,0
"ENSMUSP00000029041","Fabp4",1,0,0
"ENSMUSP00000093965","Ganab",1,0,0
"ENSMUSP00000103162","Cdk12",1,0,0
"ENSMUSP00000086027","Htatsf1",1,0,0
"ENSMUSP00000032071","Dusp11",1,0,0
"ENSMUSP00000056888","Ubqln2",1,0,0
"ENSMUSP00000125812","Fancf",1,0,0
"ENSMUSP00000096086","Bcl2a1a",1,0,0
"ENSMUSP00000075690","Serpinb1a",1,0,0
"ENSMUSP00000024866","Xdh",1,0,0
"ENSMUSP00000080020","Ebf1",1,0,0
"ENSMUSP00000096541","Spc24",1,0,0
"ENSMUSP00000028239","Gsn",1,0,0
"ENSMUSP00000088833","Prnp",1,0,0
"ENSMUSP00000050995","Apba3",1,0,0
"ENSMUSP00000022704","Itm2b",1,0,0
"ENSMUSP00000069681","Fgf7",1,0,0
"ENSMUSP00000028999","Pkia",1,0,0
"ENSMUSP00000037596","Cep78",1,0,0
"ENSMUSP00000100920","Kitl",1,0,0
"ENSMUSP00000091374","Zbtb16",1,0,0
"ENSMUSP00000020484","Txnrd1",1,0,0
"ENSMUSP00000054452","Mob1a",1,0,0
"ENSMUSP00000024709","Cd2ap",1,0,0
"ENSMUSP00000025246","Csnk2b",1,0,0
"ENSMUSP00000093462","Pole4",1,0,0
"ENSMUSP00000043193","Fkbp6",1,0,0
"ENSMUSP00000052170","Terf2ip",1,0,0
"ENSMUSP00000072136","Flot2",1,0,0
"ENSMUSP00000099907","Rtn4",1,0,0
"ENSMUSP00000105359","H2afv",1,0,0
"ENSMUSP00000022287","Fst",1,0,0
"ENSMUSP00000053678","Hexim2",1,0,0
"ENSMUSP00000033570","Igbp1",1,0,0
"ENSMUSP00000129441","Senp8",1,0,0
"ENSMUSP00000112101","Kansl2",1,0,0
"ENSMUSP00000099985","Myl7",1,0,0
"ENSMUSP00000031895","Casp2",1,0,0
"ENSMUSP00000028062","Vim",1,0,0
"ENSMUSP00000023363","Rrn3",1,0,0
"ENSMUSP00000049488","Ppp1r15a",1,0,0
"ENSMUSP00000026917","Nrp1",1,0,0
"ENSMUSP00000080630","Hopx",1,0,0
"ENSMUSP00000026665","Cbx4",1,0,0
"ENSMUSP00000105094","Top1",1,0,0
"ENSMUSP00000080278","Mtf2",1,0,0
"ENSMUSP00000059678","Zfp622",1,0,0
"ENSMUSP00000064280","Dlg1",1,0,0
"ENSMUSP00000048416","Cops4",1,0,0
"ENSMUSP00000022720","Fbxl3",1,0,0
"ENSMUSP00000101307","Rere",1,0,0
"ENSMUSP00000041942","Prdm4",1,0,0
"ENSMUSP00000027769","Tfb2m",1,0,0
"ENSMUSP00000029846","Cyr61",1,0,0
"ENSMUSP00000062420","Pmf1",1,0,0
"ENSMUSP00000032138","Cnbp",1,0,0
"ENSMUSP00000062030","Hist1h1a",1,0,0
"ENSMUSP00000042260","Ncapd2",1,0,0
"ENSMUSP00000104732","Maf",1,0,0
"ENSMUSP00000028916","Sec23b",1,0,0
"ENSMUSP00000046503","Nlrp4c",1,0,0
"ENSMUSP00000025181","H2-K1",1,0,0
"ENSMUSP00000086565","Edem1",1,0,0
"ENSMUSP00000134570","H2-D1",1,0,0
"ENSMUSP00000040846","Pak1ip1",1,0,0
"ENSMUSP00000080301","Zc3h15",1,0,0
"ENSMUSP00000036705","Gak",1,0,0
"ENSMUSP00000113071","Msn",1,0,0
"ENSMUSP00000032978","Sh2b1",1,0,0
"ENSMUSP00000030539","Kif17",1,0,0
"ENSMUSP00000078382","Fkbp5",1,0,0
"ENSMUSP00000058237","S100a1",1,0,0
"ENSMUSP00000027438","Ncl",1,0,0
"ENSMUSP00000088723","Slc25a31",1,0,0
"ENSMUSP00000129413","Eid1",1,0,0
"ENSMUSP00000049292","Spry1",1,0,0
"ENSMUSP00000065198","Ddx10",1,0,0
"ENSMUSP00000100007","Hus1b",1,0,0
"ENSMUSP00000023071","Samm50",1,0,0
"ENSMUSP00000099894","Mpdz",1,0,0
"ENSMUSP00000077781","Enah",1,0,0
"ENSMUSP00000107607","Cfh",1,0,0
"ENSMUSP00000030702","Ppp1r8",1,0,0
"ENSMUSP00000048092","C3ar1",1,0,0
"ENSMUSP00000036039","Tob1",1,0,0
"ENSMUSP00000054548","Poldip3",1,0,0
"ENSMUSP00000033433","Rbmx2",1,0,0
"ENSMUSP00000030332","Gpx7",1,0,0
"ENSMUSP00000099723","P3h1",1,0,0
"ENSMUSP00000054424","Rbm15",1,0,0
"ENSMUSP00000072894","Peli2",1,0,0
"ENSMUSP00000090979","Peli1",1,0,0
"ENSMUSP00000033900","Rab20",1,0,0
"ENSMUSP00000046188","Rab24",1,0,0
"ENSMUSP00000086795","Lgals1",1,0,0
"ENSMUSP00000028882","Il1a",1,0,0
"ENSMUSP00000116103","Nol12",1,0,0
"ENSMUSP00000045043","Dnttip2",1,0,0
"ENSMUSP00000032259","Cd69",1,0,0
"ENSMUSP00000034947","Ppib",1,0,0
"ENSMUSP00000042134","Tsfm",1,0,0
"ENSMUSP00000048340","Ythdc2",1,0,0
"ENSMUSP00000048348","Mrps35",1,0,0
"ENSMUSP00000044604","Aaas",1,0,0
"ENSMUSP00000047700","Chmp7",1,0,0
"ENSMUSP00000102710","Txnip",1,0,0
"ENSMUSP00000086542","Nsfl1c",1,0,0
"ENSMUSP00000096874","Nanos1",1,0,0
"ENSMUSP00000033419","Dock11",1,0,0
"ENSMUSP00000116313","Setd2",1,0,0
"ENSMUSP00000034214","Mt2",1,0,0
"ENSMUSP00000079722","Thrap3",1,0,0
"ENSMUSP00000036949","S100a10",1,0,0
"ENSMUSP00000044725","Bag4",1,0,0
"ENSMUSP00000090121","Cd300c2",1,0,0
"ENSMUSP00000121848","Clec5a",1,0,0
"ENSMUSP00000043138","Phf20",1,0,0
"ENSMUSP00000090304","Lama2",1,0,0
"ENSMUSP00000082500","Brms1l",1,0,0
"ENSMUSP00000087694","Mar-06",1,0,0
"ENSMUSP00000061345","Brox",1,0,0
"ENSMUSP00000088456","Dap3",1,0,0
"ENSMUSP00000044603","Pim3",1,0,0
"ENSMUSP00000078875","Fcer1g",1,0,0
"ENSMUSP00000047904","Cmc1",1,0,0
"ENSMUSP00000087110","Eef1d",1,0,0
"ENSMUSP00000115342","Uxt",1,0,0
"ENSMUSP00000100600","Chml",1,0,0
"ENSMUSP00000112481","Ctsf",1,0,0
"ENSMUSP00000000804","Ddx3x",1,0,0
"ENSMUSP00000001046","S100a4",1,0,0
"ENSMUSP00000001051","S100a6",1,0,0
"ENSMUSP00000001825","Chordc1",1,0,0
"ENSMUSP00000002502","Hltf",1,0,0
"ENSMUSP00000002889","Flii",1,0,0
"ENSMUSP00000002979","Lamb1",1,0,0
"ENSMUSP00000003512","Fcgrt",1,0,0
"ENSMUSP00000003946","Nob1",1,0,0
"ENSMUSP00000005067","Sgta",1,0,0
"ENSMUSP00000005336","Senp3",1,0,0
"ENSMUSP00000005841","Ctcf",1,0,0
"ENSMUSP00000006128","Rcn1",1,0,0
"ENSMUSP00000007482","Mrpl49",1,0,0
"ENSMUSP00000008016","Id3",1,0,0
"ENSMUSP00000013842","Pea15a",1,0,0
"ENSMUSP00000015456","Gadd45b",1,0,0
"ENSMUSP00000016072","Rrbp1",1,0,0
"ENSMUSP00000016168","Lbp",1,0,0
"ENSMUSP00000016463","Slc25a5",1,0,0
"ENSMUSP00000017153","Sdc4",1,0,0
"ENSMUSP00000017290","Brca1",1,0,0
"ENSMUSP00000018113","Ptgis",1,0,0
"ENSMUSP00000018727","G3bp1",1,0,0
"ENSMUSP00000019065","Pelp1",1,0,0
"ENSMUSP00000020123","Tmpo",1,0,0
"ENSMUSP00000021011","Ccl7",1,0,0
"ENSMUSP00000021060","Polg2",1,0,0
"ENSMUSP00000021864","Ssr1",1,0,0
"ENSMUSP00000021933","Ctsl",1,0,0
"ENSMUSP00000022119","Atg10",1,0,0
"ENSMUSP00000022176","Hmgcr",1,0,0
"ENSMUSP00000022282","Gpx8",1,0,0
"ENSMUSP00000023391","Mrpl40",1,0,0
"ENSMUSP00000023958","P3h3",1,0,0
"ENSMUSP00000024906","Twsg1",1,0,0
"ENSMUSP00000025804","Rab1b",1,0,0
"ENSMUSP00000026292","Huwe1",1,0,0
"ENSMUSP00000026818","Sec11a",1,0,0
"ENSMUSP00000026987","Nop16",1,0,0
"ENSMUSP00000027921","Iars2",1,0,0
"ENSMUSP00000029400","Mme",1,0,0
"ENSMUSP00000029421","Ptx3",1,0,0
"ENSMUSP00000032473","Iigp1",1,0,0
"ENSMUSP00000034590","Tagln",1,0,0
"ENSMUSP00000036710","Lars2",1,0,0
"ENSMUSP00000037544","Fbxo8",1,0,0
"ENSMUSP00000040089","Twist1",1,0,0
"ENSMUSP00000041263","Usp22",1,0,0
"ENSMUSP00000051092","Picalm",1,0,0
"ENSMUSP00000052905","Eny2",1,0,0
"ENSMUSP00000064587","Dnajc5g",1,0,0
"ENSMUSP00000066696","Nab1",1,0,0
"ENSMUSP00000067603","Lcor",1,0,0
"ENSMUSP00000069284","Pi4k2a",1,0,0
"ENSMUSP00000069669","Klhdc10",1,0,0
"ENSMUSP00000077342","Skap2",1,0,0
